Workbook

Sheet CAPEX
B1: Naked terrain | C1: 1 house | D1: 2 houses | E1: 3 houses | F1: 4 houses | G1: Hostel
A2: Boulevard de Belleville | B2: =6000 -> 6000 | C2: =B2+5000 -> 11000 | D2: =C2+5000 -> 16000 | E2: =D2+5000 -> 21000 | F2: =E2+5000 -> 26000 | G2: =F2+5000 -> 31000
A3: Rue Lecourbe | B3: =6000 -> 6000 | C3: =B3+5000 -> 11000 | D3: =C3+5000 -> 16000 | E3: =D3+5000 -> 21000 | F3: =E3+5000 -> 26000 | G3: =F3+5000 -> 31000
A4: Rue de Vaugirard | B4: =10000 -> 10000 | C4: =B4+5000 -> 15000 | D4: =C4+5000 -> 20000 | E4: =D4+5000 -> 25000 | F4: =E4+5000 -> 30000 | G4: =F4+5000 -> 35000
A5: Rue de Courcellles | B5: =10000 -> 10000 | C5: =B5+5000 -> 15000 | D5: =C5+5000 -> 20000 | E5: =D5+5000 -> 25000 | F5: =E5+5000 -> 30000 | G5: =F5+5000 -> 35000
A6: Av. de la République | B6: =12000 -> 12000 | C6: =B6+5000 -> 17000 | D6: =C6+5000 -> 22000 | E6: =D6+5000 -> 27000 | F6: =E6+5000 -> 32000 | G6: =F6+5000 -> 37000
A7: Boul. de la Vilettte | B7: =14000 -> 14000 | C7: =B7+10000 -> 24000 | D7: =C7+10000 -> 34000 | E7: =D7+10000 -> 44000 | F7: =E7+10000 -> 54000 | G7: =F7+10000 -> 64000
A8: Av. de Neuilly | B8: =14000 -> 14000 | C8: =B8+10000 -> 24000 | D8: =C8+10000 -> 34000 | E8: =D8+10000 -> 44000 | F8: =E8+10000 -> 54000 | G8: =F8+10000 -> 64000
A9: Rue de Paradis | B9: =16000 -> 16000 | C9: =B9+10000 -> 26000 | D9: =C9+10000 -> 36000 | E9: =D9+10000 -> 46000 | F9: =E9+10000 -> 56000 | G9: =F9+10000 -> 66000
A10: Av. Mozart | B10: =18000 -> 18000 | C10: =B10+10000 -> 28000 | D10: =C10+10000 -> 38000 | E10: =D10+10000 -> 48000 | F10: =E10+10000 -> 58000 | G10: =F10+10000 -> 68000
A11: Bd Saint-Michel | B11: =18000 -> 18000 | C11: =B11+10000 -> 28000 | D11: =C11+10000 -> 38000 | E11: =D11+10000 -> 48000 | F11: =E11+10000 -> 58000 | G11: =F11+10000 -> 68000
A12: Place Pigalle | B12: =20000 -> 20000 | C12: =B12+10000 -> 30000 | D12: =C12+10000 -> 40000 | E12: =D12+10000 -> 50000 | F12: =E12+10000 -> 60000 | G12: =F12+10000 -> 70000
A13: Av. Matignon | B13: =22000 -> 22000 | C13: =B13+15000 -> 37000 | D13: =C13+15000 -> 52000 | E13: =D13+15000 -> 67000 | F13: =E13+15000 -> 82000 | G13: =F13+15000 -> 97000
A14: Bd. Malheserbes | B14: =22000 -> 22000 | C14: =B14+15000 -> 37000 | D14: =C14+15000 -> 52000 | E14: =D14+15000 -> 67000 | F14: =E14+15000 -> 82000 | G14: =F14+15000 -> 97000
A15: Av. Henri-Martin | B15: =24000 -> 24000 | C15: =B15+15000 -> 39000 | D15: =C15+15000 -> 54000 | E15: =D15+15000 -> 69000 | F15: =E15+15000 -> 84000 | G15: =F15+15000 -> 99000
A16: Faub. Saint-Honoré | B16: =26000 -> 26000 | C16: =B16+15000 -> 41000 | D16: =C16+15000 -> 56000 | E16: =D16+15000 -> 71000 | F16: =E16+15000 -> 86000 | G16: =F16+15000 -> 101000
A17: Place de la Bourse | B17: =26000 -> 26000 | C17: =B17+15000 -> 41000 | D17: =C17+15000 -> 56000 | E17: =D17+15000 -> 71000 | F17: =E17+15000 -> 86000 | G17: =F17+15000 -> 101000
A18: Rue Lafayette | B18: =28000 -> 28000 | C18: =B18+15000 -> 43000 | D18: =C18+15000 -> 58000 | E18: =D18+15000 -> 73000 | F18: =E18+15000 -> 88000 | G18: =F18+15000 -> 103000
A19: Av. de Breteuil | B19: =30000 -> 30000 | C19: =B19+20000 -> 50000 | D19: =C19+20000 -> 70000 | E19: =D19+20000 -> 90000 | F19: =E19+20000 -> 110000 | G19: =F19+20000 -> 130000
A20: Av. Foch | B20: =30000 -> 30000 | C20: =B20+20000 -> 50000 | D20: =C20+20000 -> 70000 | E20: =D20+20000 -> 90000 | F20: =E20+20000 -> 110000 | G20: =F20+20000 -> 130000
A21: Bd. Des Capucines | B21: =32000 -> 32000 | C21: =B21+20000 -> 52000 | D21: =C21+20000 -> 72000 | E21: =D21+20000 -> 92000 | F21: =E21+20000 -> 112000 | G21: =F21+20000 -> 132000
A22: Av. Chaps-Elysées | B22: =35000 -> 35000 | C22: =B22+20000 -> 55000 | D22: =C22+20000 -> 75000 | E22: =D22+20000 -> 95000 | F22: =E22+20000 -> 115000 | G22: =F22+20000 -> 135000
A23: Rue de la Paix | B23: =40000 -> 40000 | C23: =B23+20000 -> 60000 | D23: =C23+20000 -> 80000 | E23: =D23+20000 -> 100000 | F23: =E23+20000 -> 120000 | G23: =F23+20000 -> 140000

Sheet Rents
B1: Naked terrain | C1: 1 house | D1: 2 houses | E1: 3 houses | F1: 4 houses | G1: Hostel
A2: Boulevard de Belleville | B2: 200 | C2: 1000 | D2: 3000 | E2: 9000 | F2: 16000 | G2: 25000
A3: Rue Lecourbe | B3: 400 | C3: 2000 | D3: 6000 | E3: 18000 | F3: 32000 | G3: 45000
A4: Rue de Vaugirard | B4: 600 | C4: 3000 | D4: 9000 | E4: 27000 | F4: 40000 | G4: 55000
A5: Rue de Courcellles | B5: 600 | C5: 3000 | D5: 9000 | E5: 27000 | F5: 40000 | G5: 55000
A6: Av. de la République | B6: 800 | C6: 4000 | D6: 10000 | E6: 30000 | F6: 45000 | G6: 60000
A7: Boul. de la Vilettte | B7: 1000 | C7: 5000 | D7: 15000 | E7: 45000 | F7: 62500 | G7: 75000
A8: Av. de Neuilly | B8: 1000 | C8: 5000 | D8: 15000 | E8: 45000 | F8: 62500 | G8: 75000
A9: Rue de Paradis | B9: 1200 | C9: 6000 | D9: 18000 | E9: 50000 | F9: 70000 | G9: 90000
A10: Av. Mozart | B10: 1400 | C10: 7000 | D10: 20000 | E10: 55000 | F10: 75000 | G10: 95000
A11: Bd Saint-Michel | B11: 1400 | C11: 7000 | D11: 20000 | E11: 55000 | F11: 75000 | G11: 95000
A12: Place Pigalle | B12: 1600 | C12: 8000 | D12: 22000 | E12: 60000 | F12: 80000 | G12: 100000
A13: Av. Matignon | B13: 1800 | C13: 9000 | D13: 25000 | E13: 70000 | F13: 87500 | G13: 105000
... A23: Rue de la Paix | B23: 5000 | C23: 20000 | D23: 60000 | E23: 140000 | F23: 170000 | G23: 200000

Sheet GrossROC
B1: Naked terrain | C1: 1 house | D1: 2 houses | E1: 3 houses | F1: 4 houses | G1: Hostel
A2: Boulevard de Belleville | B2: =Rents!B2/CAPEX!B2 -> 0.033333333 | C2: =Rents!C2/CAPEX!C2 -> 0.090909091 | D2: =Rents!D2/CAPEX!D2 -> 0.1875 | E2: =Rents!E2/CAPEX!E2 -> 0.42857143 | F2: =Rents!F2/CAPEX!F2 -> 0.61538462 | G2: =Rents!G2/CAPEX!G2 -> 0.80645161
A3: Rue Lecourbe | B3: =Rents!B3/CAPEX!B3 -> 0.066666667 | C3: =Rents!C3/CAPEX!C3 -> 0.18181818 | D3: =Rents!D3/CAPEX!D3 -> 0.375 | E3: =Rents!E3/CAPEX!E3 -> 0.85714286 | F3: =Rents!F3/CAPEX!F3 -> 1.2307692 | G3: =Rents!G3/CAPEX!G3 -> 1.4516129
A4: Rue de Vaugirard | B4: =Rents!B4/CAPEX!B4 -> 0.06 | C4: =Rents!C4/CAPEX!C4 -> 0.2 | D4: =Rents!D4/CAPEX!D4 -> 0.45 | E4: =Rents!E4/CAPEX!E4 -> 1.08 | F4: =Rents!F4/CAPEX!F4 -> 1.3333333 | G4: =Rents!G4/CAPEX!G4 -> 1.5714286
A5: Rue de Courcellles | B5: =Rents!B5/CAPEX!B5 -> 0.06 | C5: =Rents!C5/CAPEX!C5 -> 0.2 | D5: =Rents!D5/CAPEX!D5 -> 0.45 | E5: =Rents!E5/CAPEX!E5 -> 1.08 | F5: =Rents!F5/CAPEX!F5 -> 1.3333333 | G5: =Rents!G5/CAPEX!G5 -> 1.5714286
A6: Av. de la République | B6: =Rents!B6/CAPEX!B6 -> 0.066666667 | C6: =Rents!C6/CAPEX!C6 -> 0.23529412 | D6: =Rents!D6/CAPEX!D6 -> 0.45454545 | E6: =Rents!E6/CAPEX!E6 -> 1.1111111 | F6: =Rents!F6/CAPEX!F6 -> 1.40625 | G6: =Rents!G6/CAPEX!G6 -> 1.6216216
A7: Boul. de la Vilettte | B7: =Rents!B7/CAPEX!B7 -> 0.071428571 | C7: =Rents!C7/CAPEX!C7 -> 0.20833333 | D7: =Rents!D7/CAPEX!D7 -> 0.44117647 | E7: =Rents!E7/CAPEX!E7 -> 1.0227273 | F7: =Rents!F7/CAPEX!F7 -> 1.1574074 | G7: =Rents!G7/CAPEX!G7 -> 1.171875
A8: Av. de Neuilly | B8: =Rents!B8/CAPEX!B8 -> 0.071428571 | C8: =Rents!C8/CAPEX!C8 -> 0.20833333 | D8: =Rents!D8/CAPEX!D8 -> 0.44117647 | E8: =Rents!E8/CAPEX!E8 -> 1.0227273 | F8: =Rents!F8/CAPEX!F8 -> 1.1574074 | G8: =Rents!G8/CAPEX!G8 -> 1.171875
A9: Rue de Paradis | B9: =Rents!B9/CAPEX!B9 -> 0.075 | C9: =Rents!C9/CAPEX!C9 -> 0.23076923 | D9: =Rents!D9/CAPEX!D9 -> 0.5 | E9: =Rents!E9/CAPEX!E9 -> 1.0869565 | F9: =Rents!F9/CAPEX!F9 -> 1.25 | G9: =Rents!G9/CAPEX!G9 -> 1.3636364
A10: Av. Mozart | B10: =Rents!B10/CAPEX!B10 -> 0.077777778 | C10: =Rents!C10/CAPEX!C10 -> 0.25 | D10: =Rents!D10/CAPEX!D10 -> 0.52631579 | E10: =Rents!E10/CAPEX!E10 -> 1.1458333 | F10: =Rents!F10/CAPEX!F10 -> 1.2931034 | G10: =Rents!G10/CAPEX!G10 -> 1.3970588
A11: Bd Saint-Michel | B11: =Rents!B11/CAPEX!B11 -> 0.077777778 | C11: =Rents!C11/CAPEX!C11 -> 0.25 | D11: =Rents!D11/CAPEX!D11 -> 0.52631579 | E11: =Rents!E11/CAPEX!E11 -> 1.1458333 | F11: =Rents!F11/CAPEX!F11 -> 1.2931034 | G11: =Rents!G11/CAPEX!G11 -> 1.3970588
A12: Place Pigalle | B12: =Rents!B12/CAPEX!B12 -> 0.08 | C12: =Rents!C12/CAPEX!C12 -> 0.26666667 | D12: =Rents!D12/CAPEX!D12 -> 0.55 | E12: =Rents!E12/CAPEX!E12 -> 1.2 | F12: =Rents!F12/CAPEX!F12 -> 1.3333333 | G12: =Rents!G12/CAPEX!G12 -> 1.4285714
A13: Av. Matignon | B13: =Rents!B13/CAPEX!B13 -> 0.081818182 | C13: =Rents!C13/CAPEX!C13 -> 0.24324324 | D13: =Rents!D13/CAPEX!D13 -> 0.48076923 | E13: =Rents!E13/CAPEX!E13 -> 1.0447761 | F13: =Rents!F13/CAPEX!F13 -> 1.0670732 | G13: =Rents!G13/CAPEX!G13 -> 1.0824742
... A23: Rue de la Paix | B23: =Rents!B23/CAPEX!B23 -> 0.125 | C23: =Rents!C23/CAPEX!C23 -> 0.33333333 | D23: =Rents!D23/CAPEX!D23 -> 0.75 | E23: =Rents!E23/CAPEX!E23 -> 1.4 | F23: =Rents!F23/CAPEX!F23 -> 1.4166667 | G23: =Rents!G23/CAPEX!G23 -> 1.4285714

Sheet WPROC
B1: Count | C1: Probability | D1: Naked terrain | E1: 1 house | F1: 2 houses | G1: 3 houses | H1: 4 houses | I1: Hostel
A2: Boulevard de Belleville | B2: 26378 | C2: =B2/SUM(B$2:B$23) -> 0.045910073 | D2: =GrossROC!B2*WPROC!$C2 -> 0.0015303358 | E2: =GrossROC!C2*WPROC!$C2 -> 0.004173643 | F2: =GrossROC!D2*WPROC!$C2 -> 0.0086081388 | G2: =GrossROC!E2*WPROC!$C2 -> 0.019675746 | H2: =GrossROC!F2*WPROC!$C2 -> 0.028252353 | I2: =GrossROC!G2*WPROC!$C2 -> 0.037024253
A3: Rue Lecourbe | B3: 22267 | C3: =B3/SUM(B$2:B$23) -> 0.038755008 | D3: =GrossROC!B3*WPROC!$C3 -> 0.0025836672 | E3: =GrossROC!C3*WPROC!$C3 -> 0.0070463651 | F3: =GrossROC!D3*WPROC!$C3 -> 0.014533128 | G3: =GrossROC!E3*WPROC!$C3 -> 0.033218578 | H3: =GrossROC!F3*WPROC!$C3 -> 0.047698472 | I3: =GrossROC!G3*WPROC!$C3 -> 0.05625727
A4: Rue de Vaugirard | B4: 23610 | C4: =B4/SUM(B$2:B$23) -> 0.041092457 | D4: =GrossROC!B4*WPROC!$C4 -> 0.0024655474 | E4: =GrossROC!C4*WPROC!$C4 -> 0.0082184914 | F4: =GrossROC!D4*WPROC!$C4 -> 0.018491606 | G4: =GrossROC!E4*WPROC!$C4 -> 0.044379854 | H4: =GrossROC!F4*WPROC!$C4 -> 0.054789943 | I4: =GrossROC!G4*WPROC!$C4 -> 0.064573861
A5: Rue de Courcellles | B5: 23737 | C5: =B5/SUM(B$2:B$23) -> 0.041313497 | D5: =GrossROC!B5*WPROC!$C5 -> 0.0024788098 | E5: =GrossROC!C5*WPROC!$C5 -> 0.0082626993 | F5: =GrossROC!D5*WPROC!$C5 -> 0.018591073 | G5: =GrossROC!E5*WPROC!$C5 -> 0.044618576 | H5: =GrossROC!F5*WPROC!$C5 -> 0.055084662 | I5: =GrossROC!G5*WPROC!$C5 -> 0.064921209
A6: Av. de la République | B6: 23184 | C6: =B6/SUM(B$2:B$23) -> 0.040351018 | D6: =GrossROC!B6*WPROC!$C6 -> 0.0026900678 | E6: =GrossROC!C6*WPROC!$C6 -> 0.0094943571 | F6: =GrossROC!D6*WPROC!$C6 -> 0.018341372 | G6: =GrossROC!E6*WPROC!$C6 -> 0.044834464 | H6: =GrossROC!F6*WPROC!$C6 -> 0.056743619 | I6: =GrossROC!G6*WPROC!$C6 -> 0.065434083
A7: Boul. de la Vilettte | B7: 27037 | C7: =B7/SUM(B$2:B$23) -> 0.047057042 | D7: =GrossROC!B7*WPROC!$C7 -> 0.0033612173 | E7: =GrossROC!C7*WPROC!$C7 -> 0.0098035504 | F7: =GrossROC!D7*WPROC!$C7 -> 0.02076046 | G7: =GrossROC!E7*WPROC!$C7 -> 0.04812652 | H7: =GrossROC!F7*WPROC!$C7 -> 0.054464169 | I7: =GrossROC!G7*WPROC!$C7 -> 0.055144971
A8: Av. de Neuilly | B8: 23983 | C8: =B8/SUM(B$2:B$23) -> 0.041741652 | D8: =GrossROC!B8*WPROC!$C8 -> 0.0029815466 | E8: =GrossROC!C8*WPROC!$C8 -> 0.0086961775 | F8: =GrossROC!D8*WPROC!$C8 -> 0.018415435 | G8: =GrossROC!E8*WPROC!$C8 -> 0.042690326 | H8: =GrossROC!F8*WPROC!$C8 -> 0.048312097 | I8: =GrossROC!G8*WPROC!$C8 -> 0.048915998
A9: Rue de Paradis | B9: 24458 | C9: =B9/SUM(B$2:B$23) -> 0.042568374 | D9: =GrossROC!B9*WPROC!$C9 -> 0.0031926281 | E9: =GrossROC!C9*WPROC!$C9 -> 0.009823471 | F9: =GrossROC!D9*WPROC!$C9 -> 0.021284187 | G9: =GrossROC!E9*WPROC!$C9 -> 0.046269972 | H9: =GrossROC!F9*WPROC!$C9 -> 0.053210468 | I9: =GrossROC!G9*WPROC!$C9 -> 0.058047783
A10: Av. Mozart | B10: 27818 | C10: =B10/SUM(B$2:B$23) -> 0.048416348 | D10: =GrossROC!B10*WPROC!$C10 -> 0.0037657159 | E10: =GrossROC!C10*WPROC!$C10 -> 0.012104087 | F10: =GrossROC!D10*WPROC!$C10 -> 0.025482288 | G10: =GrossROC!E10*WPROC!$C10 -> 0.055477065 | H10: =GrossROC!F10*WPROC!$C10 -> 0.062607346 | I10: =GrossROC!G10*WPROC!$C10 -> 0.067640486
A11: Bd Saint-Michel | B11: 29260 | C11: =B11/SUM(B$2:B$23) -> 0.050926103 | D11: =GrossROC!B11*WPROC!$C11 -> 0.0039609191 | E11: =GrossROC!C11*WPROC!$C11 -> 0.012731526 | F11: =GrossROC!D11*WPROC!$C11 -> 0.026803212 | G11: =GrossROC!E11*WPROC!$C11 -> 0.058352827 | H11: =GrossROC!F11*WPROC!$C11 -> 0.06585272 | I11: =GrossROC!G11*WPROC!$C11 -> 0.071146762
A12: Place Pigalle | B12: 30193 | C12: =B12/SUM(B$2:B$23) -> 0.05254996 | D12: =GrossROC!B12*WPROC!$C12 -> 0.0042039968 | E12: =GrossROC!C12*WPROC!$C12 -> 0.014013323 | F12: =GrossROC!D12*WPROC!$C12 -> 0.028902478 | G12: =GrossROC!E12*WPROC!$C12 -> 0.063059952 | H12: =GrossROC!F12*WPROC!$C12 -> 0.070066614 | I12: =GrossROC!G12*WPROC!$C12 -> 0.075071372
A13: Av. Matignon | B13: 28076 | C13: =B13/SUM(B$2:B$23) -> 0.048865389 | D13: =GrossROC!B13*WPROC!$C13 -> 0.0039980773 | E13: =GrossROC!C13*WPROC!$C13 -> 0.011886176 | F13: =GrossROC!D13*WPROC!$C13 -> 0.023492975 | G13: =GrossROC!E13*WPROC!$C13 -> 0.051053391 | H13: =GrossROC!F13*WPROC!$C13 -> 0.052142945 | I13: =GrossROC!G13*WPROC!$C13 -> 0.052895524
... A23: Rue de la Paix | B23: 26293 | C23: =B23/SUM(B$2:B$23) -> 0.045762134 | D23: =GrossROC!B23*WPROC!$C23 -> 0.0057202667 | E23: =GrossROC!C23*WPROC!$C23 -> 0.015254045 | F23: =GrossROC!D23*WPROC!$C23 -> 0.0343216 | G23: =GrossROC!E23*WPROC!$C23 -> 0.064066987 | H23: =GrossROC!F23*WPROC!$C23 -> 0.064829689 | I23: =GrossROC!G23*WPROC!$C23 -> 0.065374477

Sheet Sheet5
B1: Probability | C1: Naked terrain | D1: 1 house | E1: 2 houses | F1: 3 houses | G1: 4 houses | H1: Hostel
A2: Boulevard de Belleville | I2: =H2/SUM($B$2:$W$2) -> 0.045910073
A3: Rue Lecourbe | I3: =H3/SUM($B$2:$W$2) -> 0.038755008
A4: Rue de Vaugirard | I4: =H4/SUM($B$2:$W$2) -> 0.041092457
A5: Rue de Courcellles | I5: =H5/SUM($B$2:$W$2) -> 0.041313497
A6: Av. de la République | I6: =H6/SUM($B$2:$W$2) -> 0.040351018
A7: Boul. de la Vilettte | I7: =H7/SUM($B$2:$W$2) -> 0.047057042
A8: Av. de Neuilly | I8: =H8/SUM($B$2:$W$2) -> 0.041741652
A9: Rue de Paradis | I9: =H9/SUM($B$2:$W$2) -> 0.042568374
A10: Av. Mozart | I10: =H10/SUM($B$2:$W$2) -> 0.048416348
A11: Bd Saint-Michel | I11: =H11/SUM($B$2:$W$2) -> 0.050926103
A12: Place Pigalle | I12: =H12/SUM($B$2:$W$2) -> 0.05254996
A13: Av. Matignon | I13: =H13/SUM($B$2:$W$2) -> 0.048865389
... A23: Rue de la Paix | I23: =H23/SUM($B$2:$W$2) -> 0.045762134
